	ID	b	cg	cs	g	i	im_asym	im_box_h1	im_box_h2	im_box_w1	im_box_w2	im_curvature_deg	im_curvature_rad	im_length_curved	im_length_curved_px	im_length_straight	im_length_straight_px	im_mm_per_px	im_p_1st_quart_1	im_p_1st_quart_2	im_p_3rd_quart_1	im_p_3rd_quart_2	im_p_circle_center	im_p_egg_middle	im_p_length_1	im_p_length_2	im_p_midpoint_1	im_p_midpoint_2	im_p_scale_bar_1	im_p_scale_bar_2	im_q_development	im_q_geo_pattern	im_q_image_type	im_q_operculum	im_radius_mm	im_radius_px	im_sb_length_mm	im_sb_length_px	im_status	im_width	im_width_px	real_ar	real_asym	real_curv
0	05100001	art_egg	art_egg_for_clicking	1	art_egg	1	1.07944746431	491.0	692.0	84.0	221.0	3.18237439874	0.0555412731868	0.752600231414	76.0163490252	0.752503499892	76.0065786626	0.00990050483961	(129, 654)	(125, 529)	(167, 522)	(167, 657)	(167.0, 1957.5)	(147, 589)	(111, 590)	(187, 589)	(148, 666)	(146, 513)	(215, 481)	(316, 482)	n	n	d	n	13.550287709144339	1368.6461376119103	1.0	101.004950374	absolute	1.5149066533	153.013071337	0.5	1.0	000
1	05100301	art_egg	art_egg_for_clicking	1	art_egg	1	1.02156629548	249.0	458.0	82.0	215.0	62.9974640111	1.09948073995	0.877078863561	89.4620440833	0.833563981922	85.023526156	0.00980392156863	(144, 428)	(118, 325)	(148, 427)	(179, 323)	(147.86800785083418, 433.35966633954865)	(149, 352)	(107, 363)	(192, 365)	(147, 428)	(151, 277)	(214, 475)	(316, 475)	n	n	d	n	0.7977209892756469	81.36754090611599	1.0	102.0	absolute	1.48091147884	151.052970841	0.5	1.0	030
2	05120001	art_egg	art_egg_for_clicking	1	art_egg	1	1.26940134684	484.0	694.0	329.0	458.0	5.95264850513	0.103890251549	0.755205266075	77.0346390373	0.75486568399	77.0	0.00980345044142	(372, 529)	(369, 644)	(410, 659)	(407, 513)	(391.5, -152.5)	(391, 589)	(353, 588)	(430, 588)	(391, 665)	(391, 513)	(215, 482)	(317, 481)	n	n	d	n	7.269260154952802	741.5001685771892	1.0	102.004901843	absolute	1.4901244671	152.0	0.5	1.2	000
3	05120301	art_egg	art_egg_for_clicking	1	art_egg	1	1.2043661352	239.0	456.0	327.0	455.0	97.5097744869	1.70181642528	0.981975594489	99.1843961896	0.867693257946	87.6413144584	0.00990050483961	(380, 423)	(363, 322)	(432, 358)	(376, 422)	(380.03912543153046, 419.3285385500573)	(395, 363)	(349, 370)	(433, 395)	(378, 423)	(412, 303)	(215, 476)	(316, 475)	n	n	d	n	0.5770161692538208	58.28148954032294	1.0	101.004950374	absolute	1.23482754221	124.723694621	0.5	1.2	030
4	05180001	art_egg	art_egg_for_clicking	1	art_egg	1	1.84737908198	463.0	700.0	552.0	727.0	23.6401931923	0.412587038409	0.760502932454	77.5750269763	0.755120276133	77.0259696466	0.00980345044142	(614, 637)	(608, 551)	(638, 669)	(658, 511)	(626.7214983713354, 773.9723127035821)	(631, 586)	(593, 589)	(670, 591)	(630, 661)	(633, 511)	(215, 482)	(317, 481)	n	n	d	n	1.8432545418464208	188.0209986127075	1.0	102.004901843	absolute	1.47081164032	150.029997001	0.5	1.8	000
5	05180301	art_egg	art_egg_for_clicking	1	art_egg	1	1.65226458671	204.0	485.0	545.0	735.0	45.1915692288	0.78871841518		100.592239448		98.005101908		(604, 394)	(642, 272)	(624, 422)	(674, 363)	(578.5313152400835, 479.8256784968686)	(638, 367)	(592, 353)	(678, 400)	(614, 411)	(662, 323)			n	n	d	n		127.53884974921596			relative		100.239712689	0.5	1.8	030
6	10100001	art_egg	art_egg_for_clicking	1	art_egg	1	1.04131954786	495.0	685.0	802.0	991.0	1.63695920148	0.0285694851748	1.43138601699	146.008390163	1.43133733751	146.003424617	0.00980345044142	(856, 649)	(855, 528)	(931, 524)	(930, 650)	(930.0, 5698.5)	(892, 588)	(822, 589)	(968, 588)	(893, 660)	(892, 516)	(964, 481)	(1066, 482)	n	n	d	n	50.10191847127855	5110.641275808742	1.0	102.004901843	absolute	1.41173090291	144.00347218	1.0	1.0	000
7	10100301	art_egg	art_egg_for_clicking	1	art_egg	1	1.05022496498	258.0	455.0	795.0	993.0	24.3942080492	0.425746692148	1.49648435985	151.152328502	1.48520772681	150.013332741	0.00990050483961	(862, 415)	(849, 299)	(924, 417)	(936, 295)	(899.626455906822, 704.9841930116476)	(894, 350)	(820, 359)	(970, 357)	(895, 422)	(893, 279)	(964, 476)	(1065, 475)	n	n	d	n	3.5149641499336473	355.028779529494	1.0	101.004950374	absolute	1.41591065389	143.01398533	1.0	1.0	030
8	10120001	art_egg	art_egg_for_clicking	1	art_egg	1	1.242822051	486.0	699.0	1033.0	1246.0	3.18237439874	0.0555412731868	1.45569600618	147.032502864	1.45550890594	147.013604813	0.00990050483961	(1100, 531)	(1097, 642)	(1171, 657)	(1170, 519)	(1171.5, -2059.0)	(1134, 588)	(1062, 586)	(1209, 588)	(1134, 660)	(1135, 516)	(964, 474)	(1065, 475)	n	n	d	n	26.20926605855217	2647.265617575992	1.0	101.004950374	absolute	1.42570707324	144.00347218	1.0	1.2	000
9	10120301	art_egg	art_egg_for_clicking	1	art_egg	1	1.16472849444	251.0	456.0	1044.0	1251.0	24.2195368243	0.422698194075	1.48767223397	151.742567865	1.47662161038	150.615404259	0.00980392156863	(1095, 407)	(1099, 299)	(1156, 423)	(1187, 301)	(1085.2306733167084, 705.233167082291)	(1137, 350)	(1062, 347)	(1211, 369)	(1126, 421)	(1148, 279)	(964, 476)	(1066, 476)	n	n	d	n	3.519466737306839	358.9856072052976	1.0	102.0	absolute	1.40876587817	143.694119573	1.0	1.2	030
10	10180001	art_egg	art_egg_for_clicking	1	art_egg	1	1.87358250917	466.0	699.0	1261.0	1489.0	9.40642435359	0.164168233927	1.43351890168	146.218927971	1.43190964943	146.054784242	0.00980392156863	(1339, 545)	(1339, 630)	(1409, 667)	(1418, 508)	(1353.689497716895, 1475.3333333333312)	(1378, 585)	(1305, 586)	(1451, 590)	(1376, 659)	(1380, 512)	(963, 481)	(1065, 481)	n	n	d	n	8.732011470118046	890.6651699520406	1.0	102.0	absolute	1.44170991861	147.054411699	1.0	1.8	000
11	10180301	art_egg	art_egg_for_clicking	1	art_egg	1	1.4044506743	223.0	469.0	1268.0	1493.0	48.2409069305	0.841937828456	1.5821736484	159.807370839	1.53585520335	155.128978595	0.00990050483961	(1342, 400)	(1341, 311)	(1390, 429)	(1439, 314)	(1345.3813229571986, 530.2431906614879)	(1382, 344)	(1304, 345)	(1456, 376)	(1367, 418)	(1397, 270)	(964, 476)	(1065, 475)	n	n	d	n	1.8792048473427396	189.80899234792943	1.0	101.004950374	absolute	1.49507457693	151.009933448	1.0	1.8	030
12	20100001	art_egg	art_egg_for_clicking	1	art_egg	1	1.05601303413	1250.0	1395.0	25.0	248.0	4.01546491787	0.0700810168861	1.6964539064	173.038298453	1.69610676617	173.002890149	0.00980392156863	(99, 1293)	(97, 1364)	(182, 1366)	(183, 1291)	(156.76335877862599, -1141.0610687022913)	(140, 1328)	(56, 1326)	(229, 1327)	(140, 1371)	(140, 1286)	(215, 1199)	(317, 1199)	n	n	d	n	24.207038964058043	2469.1179743339203	1.0	102.0	absolute	0.833333333333	85.0	2.0	1.0	000
13	20100301	art_egg	art_egg_for_clicking	1	art_egg	1	1.04118076496	1016.0	1169.0	23.0	269.0	18.6139553221	0.324865225803	1.67718975383	172.75868615	1.669824216	172.0	0.00970828032559	(100, 1054)	(93, 1124)	(186, 1126)	(180, 1053)	(142.0, 559.2142857142858)	(142, 1091)	(56, 1084)	(228, 1084)	(142, 1133)	(142, 1050)	(214, 1198)	(317, 1199)	n	n	d	n	5.16272478743157	531.7857142857142	1.0	103.004854255	absolute	0.805787267024	83.0	2.0	1.0	030
14	20101201	art_egg	art_egg_for_clicking	1	art_egg	1	1.08151924126	775.0	931.0	24.0	264.0	101.364572995	1.76909336702	1.89056476309	190.947041072	1.65349498995	167.002993985	0.00990099009901	(79, 874)	(105, 819)	(172, 820)	(199, 880)	(141.09047474594269, 751.1092825724253)	(138, 859)	(58, 820)	(225, 819)	(139, 821)	(138, 898)	(215, 1193)	(316, 1193)	n	n	d	n	1.0686630781264685	107.93497089077331	1.0	101.0	absolute	0.762440527057	77.0064932327	2.0	1.0	120
15	20120001	art_egg	art_egg_for_clicking	1	art_egg	1	1.23477050626	1235.0	1414.0	258.0	519.0	3.96814316218	0.0692551207999	1.68655900368	172.037285623	1.68622197409	172.002906952	0.00980345044142	(338, 1360)	(338, 1296)	(425, 1288)	(427, 1367)	(369.56640625, -1156.078125)	(382, 1328)	(298, 1327)	(470, 1326)	(382, 1370)	(382, 1287)	(214, 1200)	(316, 1199)	n	n	d	n	24.352841843383043	2484.109241832383	1.0	102.004901843	absolute	0.813686386638	83.0	2.0	1.2	000
16	20120301	art_egg	art_egg_for_clicking	1	art_egg	1	1.28615017481	1004.0	1175.0	264.0	508.0	24.0375398259	0.419521840905	1.70554907864	172.260456942	1.69306930693	171.0	0.00990099009901	(341, 1058)	(335, 1121)	(429, 1130)	(421, 1049)	(383.49999999999994, 681.3888888888894)	(383, 1092)	(298, 1083)	(469, 1083)	(383, 1134)	(384, 1050)	(215, 1194)	(316, 1194)	n	n	d	n	4.065459559755421	410.61141553529757	1.0	101.0	absolute	0.831742100694	84.0059521701	2.0	1.2	030
17	20121201	art_egg	art_egg_for_clicking	1	art_egg	1	1.26645410955	761.0	954.0	265.0	511.0	101.950766399	1.77932407023	1.88252386395	190.134910259	1.64383273486	166.027106221	0.00990099009901	(348, 821)	(322, 872)	(414, 816)	(444, 882)	(386.2158087115443, 752.2252512945477)	(382, 859)	(302, 818)	(468, 821)	(383, 821)	(382, 897)	(215, 1192)	(316, 1192)	n	n	d	n	1.0579994366634053	106.85794310300395	1.0	101.0	absolute	0.752540382798	76.0065786626	2.0	1.2	120
18	20180001	art_egg	art_egg_for_clicking	1	art_egg	1	1.88010637997	1245.0	1415.0	514.0	738.0	1.30215916446	0.0227262945286	1.70303572814	172.006608542	1.70299907873	172.002906952	0.00990099009901	(665, 1281)	(664, 1375)	(581, 1303)	(581, 1353)	(581.0, 8896.5)	(623, 1328)	(711, 1329)	(539, 1328)	(623, 1369)	(623, 1287)	(215, 1201)	(316, 1201)	n	n	d	n	74.93679737370279	7568.616534743982	1.0	101.0	absolute	0.811881188119	82.0	2.0	1.8	000
19	20180301	art_egg	art_egg_for_clicking	1	art_egg	1	1.98889036153	1001.0	1179.0	493.0	739.0	13.1297558127	0.229150710475	1.71142642599	174.565495451	1.70768442116	174.183810958	0.00980392156863	(667, 1044)	(668, 1138)	(583, 1067)	(578, 1114)	(660.7586206896552, 331.0000000000051)	(626, 1092)	(713, 1091)	(539, 1083)	(628, 1051)	(624, 1134)	(215, 1193)	(317, 1193)	n	n	d	n	7.468562599856916	761.7933851854054	1.0	102.0	absolute	0.814669898453	83.0963296422	2.0	1.8	030
20	20181201	art_egg	art_egg_for_clicking	1	art_egg	1	1.86710590299	769.0	939.0	510.0	737.0	101.002696243	1.76277761248	1.88396528206	192.173693673	1.64934131276	168.240898714	0.00980345044142	(590, 829)	(568, 869)	(655, 810)	(687, 889)	(633.7095323741006, 751.2553956834535)	(626, 860)	(546, 816)	(714, 825)	(628, 822)	(624, 899)	(215, 1193)	(317, 1192)	n	n	d	n	1.0687481329057749	109.01754839194274	1.0	102.004901843	absolute	0.755883538063	77.1038261048	2.0	1.8	120
21	60100001	art_egg	art_egg_for_clicking	1	art_egg	1	1.0	1271.0	1380.0	778.0	1020.0	0.0	0.0	1.68924077665		1.68924077665	174.0	0.00970828032559	(852, 1312)	(852, 1335)	(939, 1312)	(939, 1335)	DNE	(896, 1323)	(809, 1323)	(983, 1323)	(896, 1310)	(896, 1337)	(1066, 1200)	(963, 1199)	n	n	d	n	DNE	DNE	1.0	103.004854255	absolute	0.262123568791	27.0	6.0	1.0	000
22	60100301	art_egg	art_egg_for_clicking	1	art_egg	1	1.0	1045.0	1123.0	788.0	1007.0	31.5945020277	0.551411822889	1.71775807493	175.211323643	1.69607843137	173.0	0.00980392156863	(853, 1073)	(850, 1097)	(940, 1097)	(937, 1073)	(895.5, 770.25)	(895, 1088)	(809, 1076)	(982, 1076)	(895, 1074)	(895, 1102)	(963, 1193)	(1065, 1193)	n	n	d	n	3.115199935203796	317.75039339078717	1.0	102.0	absolute	0.274509803922	28.0	6.0	1.0	030
23	60101201	art_egg	art_egg_for_clicking	1	art_egg	1	1.00620848536	786.0	926.0	788.0	1004.0	117.434477614	2.04955784124	1.8995245886	191.861386805	1.58408077434	160.0	0.00990050483961	(843, 863)	(854, 842)	(934, 845)	(947, 865)	(896.0, 773.3888888888889)	(896, 867)	(816, 822)	(976, 822)	(896, 855)	(896, 880)	(964, 1193)	(1065, 1192)	n	n	d	n	0.9267972585971043	93.61111111111109	1.0	101.004950374	absolute	0.24751262099	25.0	6.0	1.0	120
24	60120001	art_egg	art_egg_for_clicking	1	art_egg	1	1.28659581772	1267.0	1379.0	1009.0	1261.0	0.0	0.0	1.70873786408		1.70873786408	176.0	0.00970873786408	(1182, 1337)	(1181, 1310)	(1093, 1334)	(1093, 1313)	DNE	(1137, 1323)	(1225, 1323)	(1049, 1323)	(1138, 1337)	(1137, 1309)	(963, 1193)	(1066, 1193)	n	n	d	n	DNE	DNE	1.0	103.0	absolute	0.272017975265	28.0178514522	6.0	1.2	000
25	60120301	art_egg	art_egg_for_clicking	1	art_egg	1	1.32520352534	1018.0	1141.0	1010.0	1262.0	30.1063482505	0.525439405716	1.74269449303	176.020770786	1.72271629158	174.002873539	0.00990050483961	(1177, 1073)	(1181, 1098)	(1091, 1075)	(1089, 1094)	(1135.140820410205, 752.0027513756866)	(1135, 1087)	(1224, 1075)	(1050, 1076)	(1135, 1074)	(1135, 1101)	(964, 1194)	(1065, 1193)	n	n	d	n	3.3166421742955654	334.99727822214913	1.0	101.004950374	absolute	0.26731363067	27.0	6.0	1.2	030
26	60121201	art_egg	art_egg_for_clicking	1	art_egg	1	1.22631808318	790.0	914.0	1022.0	1250.0	115.246573888	2.01137284371	1.86786968548	190.531863922	1.56855207063	160.0	0.00980345044142	(1177, 844)	(1189, 865)	(1096, 846)	(1086, 863)	(1137.0, 771.2727272727273)	(1137, 866)	(1217, 822)	(1057, 822)	(1137, 854)	(1137, 879)	(963, 1192)	(1065, 1193)	n	n	d	n	0.9286541236329185	94.72727272727275	1.0	102.004901843	absolute	0.245086261036	25.0	6.0	1.2	120
27	60180001	art_egg	art_egg_for_clicking	1	art_egg	1	2.06666666667	1259.0	1381.0	1261.0	1491.0	1.27322470258	0.0222213077952	1.71566713555	175.006457757	1.71563183688	175.00285712	0.00980345044142	(1419, 1339)	(1419, 1308)	(1333, 1316)	(1333, 1331)	(1333.5, -6552.5)	(1376, 1323)	(1466, 1322)	(1291, 1323)	(1376, 1337)	(1376, 1309)	(964, 1193)	(1066, 1192)	n	n	d	n	77.20819815645275	7875.614674423832	1.0	102.004901843	absolute	0.27449661236	28.0	6.0	1.8	000
28	60180301	art_egg	art_egg_for_clicking	1	art_egg	1	1.98104222617	1023.0	1141.0	1257.0	1490.0	30.1063482505	0.525439405716	1.72569383123	176.020770786	1.7059105249	174.002873539	0.00980392156863	(1419, 1070)	(1423, 1102)	(1334, 1077)	(1331, 1093)	(1377.1408204102052, 754.0027513756881)	(1377, 1089)	(1466, 1077)	(1292, 1078)	(1377, 1076)	(1377, 1103)	(964, 1193)	(1066, 1193)	n	n	d	n	3.284287041393603	334.99727822214754	1.0	102.0	absolute	0.264705882353	27.0	6.0	1.8	030
29	60181201	art_egg	art_egg_for_clicking	1	art_egg	1	1.77698967574	792.0	909.0	1275.0	1481.0	117.434477614	2.04955784124	1.88099398829	191.861386805	1.56862745098	160.0	0.00980392156863	(1335, 847)	(1327, 861)	(1417, 842)	(1431, 867)	(1379.0, 773.3888888888889)	(1379, 867)	(1299, 822)	(1459, 822)	(1379, 854)	(1379, 880)	(963, 1193)	(1065, 1193)	n	n	d	n	0.9177559912854028	93.61111111111109	1.0	102.0	absolute	0.254901960784	26.0	6.0	1.8	120
30	05100002	art_egg	art_egg_for_clicking	2	art_egg	1	1.00037221023	489.0	692.0	85.0	211.0	11.8972727822	0.207640458029	0.7637100928	77.1385000232	0.76233887265	77.0	0.00990050483961	(127, 526)	(134, 658)	(164, 658)	(170, 526)	(149.5, 959.5)	(149, 588)	(111, 590)	(188, 590)	(149, 665)	(149, 512)	(215, 473)	(316, 474)	n	n	d	n	3.678040879174756	371.50033647360266	1.0	101.004950374	absolute	1.51477724046	153.0	0.5	1.0	000
31	05100302	art_egg	art_egg_for_clicking	2	art_egg	1	1.06709272778	252.0	450.0	84.0	210.0	107.933552996	1.8837403152	0.970628817972	99.0088973032	0.833350952881	85.0058821494	0.00980345044142	(161, 426)	(112, 341)	(182, 330)	(138, 425)	(149.8637356635718, 405.4175314036045)	(146, 353)	(107, 375)	(192, 374)	(147, 428)	(146, 278)	(215, 477)	(317, 476)	n	n	d	n	0.515266786053386	52.55973793433357	1.0	102.004901843	absolute	1.47055024402	150.003333296	0.5	1.0	030
32	05120002	art_egg	art_egg_for_clicking	2	art_egg	1	1.33922412063	488.0	694.0	332.0	451.0	3.18237439874	0.0555412731868	0.755062667947	77.0163921306	0.754965619929	77.0064932327	0.00980392156863	(369, 531)	(367, 640)	(408, 661)	(408, 515)	(408.5, -797.5)	(388, 589)	(352, 588)	(429, 589)	(387, 664)	(389, 514)	(214, 474)	(316, 474)	n	n	d	n	13.59462296456342	1386.651542385469	1.0	102.0	absolute	1.47071894844	150.013332741	0.5	1.2	000
33	05120302	art_egg	art_egg_for_clicking	2	art_egg	1	1.12912845424	261.0	453.0	310.0	456.0	99.8356938389	1.74241017886	0.964202708574	98.3486762745	0.846777367909	86.3712915268	0.00980392156863	(395, 428)	(359, 329)	(380, 423)	(428, 343)	(388.6336405529954, 410.1883640552996)	(394, 354)	(349, 370)	(435, 378)	(387, 427)	(401, 281)	(214, 476)	(316, 476)	n	n	d	n	0.5533729774264748	56.44404369750043	1.0	102.0	absolute	1.43793820528	146.669696938	0.5	1.2	030
34	05180002	art_egg	art_egg_for_clicking	2	art_egg	1	1.70293863659	465.0	698.0	571.0	703.0	31.7188587809	0.553582193668	0.775093748877	79.0633617733	0.765234509099	78.0576709875	0.00980345044142	(607, 552)	(617, 642)	(635, 668)	(661, 516)	(626.7198581560284, 727.7836879432627)	(630, 585)	(593, 589)	(671, 592)	(627, 658)	(633, 512)	(215, 476)	(317, 475)	n	n	d	n	1.4001421247690096	142.82136000331184	1.0	102.004901843	absolute	1.43251189914	146.123235661	0.5	1.8	000
35	05180302	art_egg	art_egg_for_clicking	2	art_egg	1	1.61527704844	223.0	486.0	552.0	729.0	41.7300170238	0.728304713779	0.998835068808	101.881177018	0.976905564981	99.6443676281	0.00980392156863	(604, 394)	(648, 281)	(626, 425)	(676, 369)	(567.285557986871, 490.50437636761455)	(640, 371)	(593, 353)	(678, 405)	(665, 330)	(615, 412)	(215, 475)	(317, 475)	n	n	d	n	1.37145215445041	139.88811975394182	1.0	102.0	absolute	0.941584878709	96.0416576283	0.5	1.8	030
36	10100002	art_egg	art_egg_for_clicking	2	art_egg	1	1.04957355303	492.0	683.0	800.0	995.0	3.11818149897	0.0544209287724	1.44135432938	147.018141597	1.44117647059	147.0	0.00980392156863	(856, 526)	(854, 647)	(930, 650)	(928, 523)	(894.5, -2114.5)	(894, 587)	(821, 586)	(968, 586)	(895, 660)	(894, 514)	(964, 474)	(1066, 474)	n	n	d	n	26.485294571280292	2701.50004627059	1.0	102.0	absolute	1.4314061237	146.003424617	1.0	1.0	000
37	10100302	art_egg	art_egg_for_clicking	2	art_egg	1	1.01153645404	252.0	445.0	792.0	992.0	21.1664786883	0.369413848885	1.50371635821	151.87535218	1.49518063814	151.013244452	0.00990099009901	(852, 297)	(861, 415)	(926, 417)	(939, 298)	(889.1477272727273, 761.0965909090907)	(894, 350)	(819, 356)	(970, 358)	(893, 422)	(895, 279)	(964, 476)	(1065, 476)	n	n	d	n	4.070546793935319	411.1252261874672	1.0	101.0	absolute	1.41598005277	143.01398533	1.0	1.0	030
38	10120002	art_egg	art_egg_for_clicking	2	art_egg	1	1.2873728592	495.0	681.0	1032.0	1225.0	6.21289361975	0.108432251702	1.42801603104	147.085651197	1.42731655158	147.013604813	0.00970873786408	(1097, 532)	(1094, 640)	(1172, 655)	(1167, 516)	(1117.0733788395903, -768.3566552900922)	(1135, 588)	(1062, 587)	(1209, 585)	(1136, 660)	(1134, 516)	(963, 474)	(1066, 474)	n	n	d	n	13.169661319560753	1356.4751159147577	1.0	103.0	absolute	1.39819308951	144.013888219	1.0	1.2	000
39	10120302	art_egg	art_egg_for_clicking	2	art_egg	1	1.1200273814	248.0	450.0	1035.0	1246.0	28.1575896291	0.491428154555	1.52967980512	154.497660317	1.51433369783	152.947703481	0.00990099009901	(1098, 410)	(1096, 300)	(1161, 423)	(1189, 303)	(1103.1059556786704, 662.5526315789502)	(1137, 350)	(1061, 351)	(1213, 368)	(1129, 422)	(1146, 278)	(964, 476)	(1065, 476)	n	n	d	n	3.112723174167979	314.3850405909659	1.0	101.0	absolute	1.43564356436	145.0	1.0	1.2	030
40	10180002	art_egg	art_egg_for_clicking	2	art_egg	1	1.99973341712	460.0	698.0	1268.0	1483.0	4.62886694486	0.0807865861516	1.45587509407	147.043384501	1.455479221	147.003401321	0.00990099009901	(1338, 629)	(1336, 548)	(1412, 669)	(1415, 507)	(1365.1284403669724, 2406.1192660550423)	(1375, 586)	(1304, 587)	(1451, 588)	(1375, 657)	(1375, 516)	(964, 475)	(1065, 475)	n	n	d	n	18.02124787571533	1820.146035447248	1.0	101.0	absolute	1.39603960396	141.0	1.0	1.8	000
41	10180302	art_egg	art_egg_for_clicking	2	art_egg	1	1.29890448518	227.0	481.0	1267.0	1484.0	61.426292097	1.07205942568	1.60149775708	164.962043057	1.52589955855	157.175061635	0.00970828032559	(1343, 401)	(1342, 310)	(1384, 425)	(1442, 322)	(1346.332547169811, 492.9363207546951)	(1385, 344)	(1304, 345)	(1456, 385)	(1365, 418)	(1405, 271)	(963, 475)	(1066, 476)	n	n	d	n	1.4938516641136583	153.8739729399365	1.0	103.004854255	absolute	1.47900799727	152.3450032	1.0	1.8	030
42	20100002	art_egg	art_egg_for_clicking	2	art_egg	1	1.02777777778	1254.0	1406.0	24.0	264.0	1.36416101894	0.0238083991166	1.70303930139	172.00696944	1.70299907873	172.002906952	0.00990099009901	(96, 1364)	(96, 1292)	(185, 1291)	(185, 1365)	(184.00000000000003, -5896.500000000003)	(140, 1328)	(56, 1327)	(228, 1328)	(140, 1370)	(140, 1286)	(215, 1192)	(316, 1192)	n	n	d	n	71.5310295769192	7224.633987268839	1.0	101.0	absolute	0.831683168317	84.0	2.0	1.0	000
43	20100302	art_egg	art_egg_for_clicking	2	art_egg	1	1.04086525712	1022.0	1169.0	27.0	263.0	24.0375398259	0.419521840905	1.68882800924	172.260456942	1.67647058824	171.0	0.00980392156863	(101, 1054)	(93, 1124)	(187, 1126)	(180, 1053)	(142.5, 681.3888888888889)	(142, 1092)	(57, 1083)	(228, 1083)	(142, 1134)	(142, 1050)	(215, 1194)	(317, 1194)	n	n	d	n	4.025602113091158	410.6114155352981	1.0	102.0	absolute	0.823529411765	84.0	2.0	1.0	030
44	20101202	art_egg	art_egg_for_clicking	2	art_egg	1	1.02075850558	779.0	933.0	23.0	260.0	107.375875951	1.87400730167	1.91120642555	193.031848981	1.64356435644	166.0	0.00990099009901	(109, 818)	(81, 876)	(173, 818)	(202, 877)	(142.0, 757.0)	(141, 860)	(59, 818)	(225, 818)	(141, 822)	(142, 898)	(215, 1193)	(316, 1193)	n	n	d	n	1.0198500421242052	103.00485425454472	1.0	101.0	absolute	0.752540382798	76.0065786626	2.0	1.0	120
45	20120002	art_egg	art_egg_for_clicking	2	art_egg	1	1.30245809044	1243.0	1422.0	255.0	516.0	5.32831679899	0.0929939290223	1.68699631126	172.073623748	1.68638850504	172.011627514	0.00980392156863	(338, 1360)	(338, 1297)	(426, 1369)	(423, 1287)	(361.5087209302326, -521.2500000000023)	(383, 1329)	(297, 1328)	(469, 1326)	(384, 1371)	(383, 1287)	(215, 1191)	(317, 1191)	n	n	d	n	18.14092951005169	1850.3748100252724	1.0	102.0	absolute	0.823587766373	84.0059521701	2.0	1.2	000
46	20120302	art_egg	art_egg_for_clicking	2	art_egg	1	1.23499437153	1010.0	1170.0	263.0	506.0	25.2576786854	0.440816653278	1.70003417598	173.40348595	1.68630300934	172.002906952	0.00980392156863	(336, 1122)	(343, 1058)	(420, 1050)	(429, 1129)	(386.23166259168704, 698.6540342298288)	(382, 1092)	(298, 1082)	(470, 1083)	(382, 1134)	(382, 1051)	(215, 1194)	(317, 1194)	n	n	d	n	3.856556151723883	393.36872747583607	1.0	102.0	absolute	0.813725490196	83.0	2.0	1.2	030
47	20121202	art_egg	art_egg_for_clicking	2	art_egg	1	1.22889877357	765.0	953.0	258.0	520.0	102.915299784	1.79615785707	1.86849009975	190.622623714	1.62725631211	166.012047756	0.00980203746722	(350, 822)	(325, 875)	(413, 817)	(444, 882)	(385.796686746988, 753.875)	(385, 860)	(302, 819)	(468, 821)	(385, 823)	(385, 898)	(214, 1192)	(316, 1194)	n	n	d	n	1.0402705376875703	106.12799034549192	1.0	102.019605959	absolute	0.735152810042	75.0	2.0	1.2	120
48	20180002	art_egg	art_egg_for_clicking	2	art_egg	1	1.96014007268	1232.0	1437.0	502.0	736.0	0.0153140368889	0.000267272482703	1.69611026229	173.01156082	1.69611025727	173.011560307	0.00980345044142	(580, 1304)	(580, 1353)	(667, 1376)	(664, 1280)	(8107.4999999999645, 648607.499999997)	(624, 1328)	(538, 1329)	(711, 1327)	(623, 1287)	(625, 1370)	(215, 1193)	(317, 1192)	n	n	d	n	6345.996584228857	647322.7586702758	1.0	102.004901843	absolute	0.813922580079	83.0240928888	2.0	1.8	000
49	20180302	art_egg	art_egg_for_clicking	2	art_egg	1	1.86829317117	1005.0	1180.0	499.0	739.0	15.8993229535	0.277487350325	1.70326865469	173.741751934	1.69780931298	173.184872319	0.00980345044142	(579, 1114)	(584, 1065)	(668, 1044)	(670, 1136)	(654.1449136276391, 466.5537428023039)	(625, 1092)	(539, 1082)	(712, 1090)	(627, 1051)	(623, 1134)	(215, 1193)	(317, 1194)	n	n	d	n	6.138184867519797	626.124944905543	1.0	102.004901843	absolute	0.814630749511	83.0963296422	2.0	1.8	030
50	20181202	art_egg	art_egg_for_clicking	2	art_egg	1	1.81010236955	789.0	929.0	532.0	737.0	96.0899820669	1.67703710368	1.87086974871	190.828714369	1.65921054216	169.239475301	0.00980392156863	(656, 810)	(685, 890)	(591, 829)	(568, 870)	(634.5456255879586, 746.5321417372218)	(626, 860)	(715, 827)	(546, 818)	(629, 822)	(624, 899)	(215, 1193)	(317, 1193)	n	n	d	n	1.1155804153676314	113.7892023674984	1.0	102.0	absolute	0.756491832308	77.1621668954	2.0	1.8	120
51	60100002	art_egg	art_egg_for_clicking	2	art_egg	1	1.09090909091	1279.0	1373.0	785.0	1017.0	1.27322470257	0.0222213077952	1.73265228199	175.006457757	1.73261663386	175.00285712	0.00990050483961	(936, 1311)	(936, 1335)	(849, 1312)	(849, 1334)	(850.5000000000001, -6552.49999999999)	(893, 1323)	(983, 1322)	(808, 1323)	(893, 1310)	(893, 1337)	(964, 1200)	(1065, 1199)	n	n	d	n	77.97256119906011	7875.614674423822	1.0	101.004950374	absolute	0.26731363067	27.0	6.0	1.0	000
52	60100302	art_egg	art_egg_for_clicking	2	art_egg	1	1.00430109512	1040.0	1141.0	787.0	1019.0	28.8250781307	0.503077683042	1.72400507246	175.848517391	1.70588235294	174.0	0.00980392156863	(936, 1073)	(939, 1097)	(851, 1072)	(849, 1096)	(896.0, 737.4545454545455)	(896, 1087)	(983, 1076)	(809, 1076)	(896, 1073)	(896, 1102)	(964, 1195)	(1066, 1195)	n	n	d	n	3.4269162210338675	349.5454545454545	1.0	102.0	absolute	0.28431372549	29.0	6.0	1.0	030
53	60101202	art_egg	art_egg_for_clicking	2	art_egg	1	1.05964177484	789.0	913.0	794.0	1008.0	117.434477614	2.04955784124	1.88099398829	191.861386805	1.56862745098	160.0	0.00980392156863	(935, 843)	(947, 864)	(854, 843)	(843, 863)	(896.0, 772.3888888888889)	(896, 866)	(976, 821)	(816, 821)	(896, 854)	(896, 879)	(963, 1192)	(1065, 1192)	n	n	d	n	0.9177559912854028	93.61111111111109	1.0	102.0	absolute	0.245098039216	25.0	6.0	1.0	120
54	60120002	art_egg	art_egg_for_clicking	2	art_egg	1	1.23760826118	1264.0	1378.0	1014.0	1270.0	2.63459840186	0.0459810604414	1.68946921665	174.015329315	1.68932038835	174.0	0.00970873786408	(1178, 1337)	(1177, 1311)	(1091, 1313)	(1090, 1334)	(1137.0, -2460.5)	(1136, 1324)	(1224, 1323)	(1050, 1323)	(1137, 1338)	(1136, 1310)	(963, 1192)	(1066, 1192)	n	n	d	n	36.74271972929948	3784.500132117847	1.0	103.0	absolute	0.272017975265	28.0178514522	6.0	1.2	000
55	60120302	art_egg	art_egg_for_clicking	2	art_egg	1	1.44155404966	1025.0	1147.0	1010.0	1266.0	30.2799529002	0.528469289089	1.73299589937	175.032585837	1.71289990247	173.002890149	0.00990099009901	(1092, 1077)	(1089, 1095)	(1178, 1072)	(1182, 1098)	(1135.6519879214898, 756.7939104177146)	(1135, 1088)	(1051, 1077)	(1224, 1076)	(1135, 1075)	(1135, 1102)	(964, 1194)	(1065, 1194)	n	n	d	n	3.279274567419526	331.2067313093721	1.0	101.0	absolute	0.267326732673	27.0	6.0	1.2	030
56	60121202	art_egg	art_egg_for_clicking	2	art_egg	1	1.19944955929	787.0	908.0	1029.0	1244.0	117.043525063	2.04273463325	1.86693277158	190.427142701	1.55885435905	159.003144623	0.00980392156863	(1175, 845)	(1188, 866)	(1095, 844)	(1085, 862)	(1137.8061599321843, 773.8205707827071)	(1135, 867)	(1217, 823)	(1058, 822)	(1135, 855)	(1135, 879)	(963, 1193)	(1065, 1193)	n	n	d	n	0.9139379835189654	93.22167431893448	1.0	102.0	absolute	0.235294117647	24.0	6.0	1.2	120
57	60180002	art_egg	art_egg_for_clicking	2	art_egg	1	2.06666666667	1268.0	1370.0	1253.0	1487.0	2.61928436497	0.0457137879586	1.71583567345	175.015238692	1.71568627451	175.0	0.00980392156863	(1420, 1339)	(1420, 1308)	(1332, 1331)	(1332, 1316)	(1378.5, -2504.5)	(1378, 1324)	(1466, 1323)	(1291, 1323)	(1378, 1338)	(1378, 1310)	(964, 1192)	(1066, 1192)	n	n	d	n	37.53431404558689	3828.5000326498625	1.0	102.0	absolute	0.274509803922	28.0	6.0	1.8	000
58	60180302	art_egg	art_egg_for_clicking	2	art_egg	1	1.72587906198	1025.0	1129.0	1256.0	1489.0	31.4141796923	0.548264697241	1.72735392018	176.198567076	1.70580037681	174.0	0.00980345044142	(1420, 1070)	(1424, 1101)	(1334, 1094)	(1336, 1076)	(1379.0, 767.625)	(1379, 1089)	(1466, 1077)	(1292, 1077)	(1379, 1076)	(1379, 1103)	(964, 1193)	(1066, 1192)	n	n	d	n	3.150583885612112	321.375	1.0	102.004901843	absolute	0.264693161918	27.0	6.0	1.8	030
59	60181202	art_egg	art_egg_for_clicking	2	art_egg	1	2.02829722608	776.0	921.0	1262.0	1491.0	118.577150737	2.06950066134	1.88798842235	192.57481908	1.56865808794	160.003124969	0.00980392156863	(1417, 841)	(1430, 866)	(1335, 847)	(1328, 859)	(1379.2970337819283, 772.9745948915139)	(1377, 866)	(1459, 821)	(1299, 820)	(1377, 854)	(1377, 879)	(964, 1193)	(1066, 1193)	n	n	d	n	0.912291770482412	93.05376058920602	1.0	102.0	absolute	0.245098039216	25.0	6.0	1.8	120
60	05100003	art_egg	art_egg_for_clicking	3	art_egg	1	1.03117440467	489.0	695.0	92.0	218.0	23.4247451973	0.408826872429	0.777643695431	78.5458628654	0.77223937749	78.0	0.00990050483961	(123, 533)	(136, 660)	(161, 662)	(174, 531)	(149.0, 781.125)	(149, 589)	(110, 593)	(188, 593)	(149, 666)	(149, 513)	(215, 473)	(316, 474)	n	n	d	n	1.902134492310645	192.125	1.0	101.004950374	absolute	1.51477724046	153.0	0.5	1.0	000
61	05100303	art_egg	art_egg_for_clicking	3	art_egg	1	1.01364808851	251.0	456.0	81.0	222.0	117.828464415	2.05643400534	1.00054624822	102.055717318	0.833333333333	85.0	0.00980392156863	(163, 425)	(113, 337)	(185, 338)	(136, 425)	(149.5, 401.625)	(149, 352)	(107, 376)	(192, 376)	(149, 277)	(149, 428)	(214, 476)	(316, 476)	n	n	d	n	0.4865443022329734	49.62751882776329	1.0	102.0	absolute	1.48039215686	151.0	0.5	1.0	030
62	05120003	art_egg	art_egg_for_clicking	3	art_egg	1	1.23731715777	475.0	696.0	332.0	454.0	0.0	0.0	0.762376237624		0.762376237624	77.0	0.00990099009901	(371, 648)	(371, 530)	(409, 515)	(410, 661)	DNE	(390, 588)	(352, 588)	(429, 588)	(390, 664)	(390, 513)	(215, 474)	(316, 474)	n	n	d	n	DNE	DNE	1.0	101.0	absolute	1.49504950495	151.0	0.5	1.2	000
63	05120303	art_egg	art_egg_for_clicking	3	art_egg	1	1.11121407042	249.0	467.0	312.0	475.0	110.526009129	1.92898587599	0.986232481224	100.595713085	0.840282444597	85.7088093489	0.00980392156863	(396, 429)	(358, 333)	(428, 343)	(376, 420)	(387.6861313868613, 403.970802919708)	(392, 352)	(349, 369)	(434, 380)	(383, 424)	(401, 281)	(317, 476)	(215, 476)	n	n	d	n	0.5112699338552721	52.149533253237756	1.0	102.0	absolute	1.41302367612	144.128414964	0.5	1.2	030
64	05180003	art_egg	art_egg_for_clicking	3	art_egg	1	1.71985622314	467.0	702.0	547.0	702.0	18.0441190905	0.314920000682	0.755855287182	76.3413840053	0.752735754802	76.026311235	0.00990099009901	(611, 546)	(616, 640)	(642, 673)	(659, 512)	(625.7017543859649, 829.3333333333337)	(632, 587)	(594, 589)	(670, 591)	(630, 663)	(634, 511)	(215, 475)	(316, 475)	n	n	d	n	2.4001501509711995	242.41516524809114	1.0	101.0	absolute	1.5054715096	152.05262247	0.5	1.8	000
65	05180303	art_egg	art_egg_for_clicking	3	art_egg	1	1.75787747648	232.0	472.0	564.0	713.0	47.3196559323	0.825859439508	1.02596354474	103.622318019	0.997054774676	100.702532242	0.00990099009901	(605, 396)	(648, 282)	(628, 425)	(676, 375)	(573.872881355932, 479.00564971751464)	(641, 373)	(593, 355)	(678, 409)	(666, 334)	(616, 413)	(215, 475)	(316, 475)	n	n	d	n	1.2422980178717336	125.47209980504508	1.0	101.0	absolute	0.925676388803	93.4933152691	0.5	1.8	030
66	10100003	art_egg	art_egg_for_clicking	3	art_egg	1	1.04113411069	492.0	686.0	792.0	989.0	0.0	0.0	1.43150684302		1.43150684302	146.013697988	0.00980392156863	(857, 526)	(855, 648)	(928, 652)	(931, 525)	DNE	(895, 587)	(822, 586)	(968, 588)	(894, 659)	(896, 516)	(964, 474)	(1066, 474)	n	n	d	n	DNE	DNE	1.0	102.0	absolute	1.40209789539	143.01398533	1.0	1.0	000
67	10100303	art_egg	art_egg_for_clicking	3	art_egg	1	1.05982220107	252.0	450.0	795.0	998.0	21.4725337637	0.374755360103	1.46936757778	149.875492933	1.46078431373	149.0	0.00980392156863	(850, 299)	(861, 415)	(923, 417)	(934, 294)	(894.5, 749.9285714285714)	(894, 350)	(820, 357)	(969, 357)	(895, 422)	(894, 278)	(964, 476)	(1066, 476)	n	n	d	n	3.92087141161042	399.9288839842628	1.0	102.0	absolute	1.41179874687	144.00347218	1.0	1.0	030
68	10120003	art_egg	art_egg_for_clicking	3	art_egg	1	1.25411207357	487.0	688.0	1039.0	1246.0	4.69011553201	0.0818555441324	1.45134893899	148.044706062	1.45094378472	148.00337834	0.00980345044142	(1100, 531)	(1097, 641)	(1171, 655)	(1170, 517)	(1148.2098214285713, -1221.553571428568)	(1134, 587)	(1062, 585)	(1210, 586)	(1134, 659)	(1134, 516)	(965, 474)	(1067, 473)	n	n	d	n	17.730612561121667	1808.609393913473	1.0	102.004901843	absolute	1.40189341312	143.0	1.0	1.2	000
69	10120303	art_egg	art_egg_for_clicking	3	art_egg	1	1.16580522255	250.0	459.0	1026.0	1254.0	25.3265033524	0.442017834897	1.49002331233	151.982377858	1.47792288546	150.748134317	0.00980392156863	(1096, 300)	(1098, 408)	(1160, 422)	(1187, 299)	(1103.6190476190477, 692.3095238095302)	(1136, 350)	(1062, 351)	(1212, 366)	(1129, 422)	(1143, 278)	(964, 477)	(1066, 477)	n	n	d	n	3.3709574471814214	343.837659612505	1.0	102.0	absolute	1.41842112678	144.678954931	1.0	1.2	030
70	10180003	art_egg	art_egg_for_clicking	3	art_egg	1	2.0118713884	461.0	699.0	1251.0	1484.0	1.61390650843	0.0281671516457	1.44125746128	147.00826105	1.44120981687	147.003401321	0.00980392156863	(1338, 545)	(1336, 625)	(1413, 667)	(1413, 506)	(1412.9999999999998, -4631.999999999984)	(1375, 587)	(1304, 586)	(1451, 587)	(1375, 657)	(1375, 517)	(963, 473)	(1065, 473)	n	n	d	n	51.16802292985114	5219.138338844817	1.0	102.0	absolute	1.37254901961	140.0	1.0	1.8	000
71	10180303	art_egg	art_egg_for_clicking	3	art_egg	1	1.27079805081	219.0	468.0	1268.0	1490.0	70.4444436951	1.22945122149	1.67189235994	168.869404846	1.5685661993	158.432951118	0.00990050483961	(1342, 311)	(1342, 399)	(1381, 424)	(1446, 333)	(1342.8798040693293, 474.73587038432356)	(1385, 344)	(1304, 343)	(1454, 394)	(1409, 273)	(1362, 416)	(965, 476)	(1066, 475)	n	n	d	n	1.3598688022093106	137.35348088193737	1.0	101.004950374	absolute	1.49028086989	150.525745306	1.0	1.8	030
72	20100003	art_egg	art_egg_for_clicking	3	art_egg	1	1.07152380529	1262.0	1390.0	25.0	265.0	2.6648784748	0.0465095318255	1.68634546329	172.015503457	1.68619347592	172.0	0.00980345044142	(97, 1294)	(97, 1364)	(183, 1366)	(184, 1291)	(142.0, 5026.5)	(142, 1328)	(56, 1329)	(228, 1329)	(142, 1371)	(142, 1286)	(214, 1199)	(316, 1200)	n	n	d	n	36.258061457600604	3698.5	1.0	102.004901843	absolute	0.833293287521	85.0	2.0	1.0	000
73	20100303	art_egg	art_egg_for_clicking	3	art_egg	1	1.02673763407	1022.0	1153.0	30.0	265.0	23.8979979589	0.417086447711	1.69847794522	173.253076085	1.68619347592	172.0	0.00980345044142	(93, 1123)	(101, 1053)	(180, 1053)	(187, 1125)	(142.0, 676.6111111111111)	(142, 1092)	(56, 1083)	(228, 1083)	(142, 1050)	(143, 1134)	(215, 1193)	(317, 1194)	n	n	d	n	4.072244386139722	415.3888888888889	1.0	102.004901843	absolute	0.823548188884	84.0059521701	2.0	1.0	030
74	20101203	art_egg	art_egg_for_clicking	3	art_egg	1	1.04992306674	778.0	933.0	22.0	254.0	104.675613686	1.82688022442	1.88502814223	190.397173959	1.63361329979	165.003030275	0.00990050483961	(108, 818)	(79, 874)	(172, 819)	(200, 879)	(142.8859386686612, 754.820119670905)	(140, 859)	(60, 818)	(225, 819)	(140, 822)	(140, 897)	(215, 1193)	(316, 1192)	n	n	d	n	1.0318290805452777	104.21984507464896	1.0	101.004950374	absolute	0.742537862971	75.0	2.0	1.0	120
75	20120003	art_egg	art_egg_for_clicking	3	art_egg	1	1.23432322342	1237.0	1420.0	256.0	518.0	2.6648784748	0.0465095318255	1.68634546329	172.015503457	1.68619347592	172.0	0.00980345044142	(339, 1360)	(338, 1296)	(426, 1368)	(425, 1289)	(384.0, -2369.5)	(384, 1329)	(298, 1328)	(470, 1328)	(384, 1287)	(384, 1371)	(215, 1199)	(317, 1200)	n	n	d	n	36.258061457600604	3698.5	1.0	102.004901843	absolute	0.823489837079	84.0	2.0	1.2	000
76	20120303	art_egg	art_egg_for_clicking	3	art_egg	1	1.30546697845	1003.0	1186.0	262.0	498.0	21.2890035241	0.371552247616	1.71292137533	173.005058909	1.70308542093	172.011627514	0.00990099009901	(341, 1058)	(334, 1119)	(427, 1130)	(422, 1050)	(389.3207547169812, 625.4150943396221)	(383, 1091)	(298, 1082)	(470, 1084)	(383, 1133)	(384, 1050)	(215, 1194)	(316, 1194)	n	n	d	n	4.610176324657702	465.6278087904278	1.0	101.0	absolute	0.821841820572	83.0060238778	2.0	1.2	030
77	20121203	art_egg	art_egg_for_clicking	3	art_egg	1	1.19279961396	764.0	934.0	252.0	527.0	105.707135585	1.84488314689	1.85402867994	190.964954034	1.60205942492	165.012120767	0.00970873786408	(353, 821)	(326, 875)	(414, 815)	(445, 880)	(386.25761158734855, 756.497044043748)	(385, 860)	(303, 818)	(468, 820)	(384, 899)	(386, 821)	(214, 1192)	(317, 1192)	n	n	d	n	1.0049572424516595	103.51059597252095	1.0	103.0	absolute	0.757530454491	78.0256368125	2.0	1.2	120
78	20180003	art_egg	art_egg_for_clicking	3	art_egg	1	1.88042548377	1239.0	1413.0	490.0	740.0	1.30215916446	0.0227262945286	1.70303572814	172.006608542	1.70299907873	172.002906952	0.00990099009901	(665, 1281)	(667, 1375)	(581, 1353)	(581, 1303)	(581.0, -6240.5)	(623, 1328)	(711, 1327)	(539, 1328)	(623, 1369)	(623, 1287)	(215, 1192)	(316, 1192)	n	n	d	n	74.93679737370279	7568.616534743982	1.0	101.0	absolute	0.811881188119	82.0	2.0	1.8	000
79	20180303	art_egg	art_egg_for_clicking	3	art_egg	1	1.94332079866	989.0	1182.0	483.0	738.0	10.8160872644	0.18877076745	1.71953896312	173.673435276	1.71698698579	173.415685565	0.00990099009901	(584, 1066)	(578, 1114)	(668, 1138)	(669, 1044)	(688.8802816901408, 174.2676056338032)	(624, 1092)	(539, 1082)	(712, 1094)	(621, 1134)	(628, 1051)	(215, 1192)	(316, 1192)	n	n	d	n	9.109137957895758	920.0229337474716	1.0	101.0	absolute	0.824699581107	83.2946576918	2.0	1.8	030
80	20181203	art_egg	art_egg_for_clicking	3	art_egg	1	1.88798834742	772.0	918.0	500.0	736.0	93.3887111468	1.6298924226	1.89040865545	190.94063243	1.68799978259	170.496334271	0.00990050483961	(659, 810)	(686, 890)	(588, 829)	(568, 869)	(637.1267942583731, 743.3803827751194)	(626, 860)	(716, 830)	(546, 817)	(629, 822)	(623, 899)	(215, 1191)	(316, 1192)	n	n	d	n	1.1598364586763557	117.14922395025	1.0	101.004950374	absolute	0.764649773826	77.2334124586	2.0	1.8	120
81	60100003	art_egg	art_egg_for_clicking	3	art_egg	1	1.09072944475	1272.0	1373.0	776.0	1021.0	3.89424868742	0.067965456953	1.71604455518	175.036544628	1.71571428549	175.00285712	0.00980392156863	(848, 1334)	(849, 1312)	(938, 1311)	(939, 1335)	(880.7923076923078, -1251.3461538461597)	(893, 1324)	(808, 1323)	(983, 1322)	(893, 1310)	(893, 1338)	(964, 1191)	(1066, 1191)	n	n	d	n	25.24877536491769	2575.3750872216046	1.0	102.0	absolute	0.274509803922	28.0	6.0	1.0	000
82	60100303	art_egg	art_egg_for_clicking	3	art_egg	1	1.08500824347	1039.0	1127.0	782.0	1008.0	32.7498992477	0.571576713816	1.72935542308	176.394253154	1.7059105249	174.002873539	0.00980392156863	(850, 1074)	(846, 1095)	(936, 1074)	(939, 1097)	(896.7016536518145, 779.41226458429)	(893, 1088)	(808, 1075)	(982, 1076)	(893, 1074)	(893, 1102)	(964, 1194)	(1066, 1194)	n	n	d	n	3.025587609285883	308.60993614716006	1.0	102.0	absolute	0.274509803922	28.0	6.0	1.0	030
83	60101203	art_egg	art_egg_for_clicking	3	art_egg	1	1.05964177484	771.0	924.0	777.0	1013.0	118.052419167	2.06034263785	1.89150817301	191.042325474	1.57425742574	159.0	0.00990099009901	(854, 843)	(843, 863)	(934, 844)	(946, 865)	(895.5, 774.2777777777778)	(895, 867)	(816, 822)	(975, 822)	(896, 854)	(895, 880)	(964, 1193)	(1065, 1193)	n	n	d	n	0.9180551517333102	92.72357032506433	1.0	101.0	absolute	0.257616075866	26.0192236625	6.0	1.0	120
84	60120003	art_egg	art_egg_for_clicking	3	art_egg	1	1.2380952381	1254.0	1382.0	1004.0	1252.0	0.0	0.0	1.70580037681		1.70580037681	174.0	0.00980345044142	(1093, 1313)	(1093, 1334)	(1180, 1337)	(1180, 1311)	DNE	(1137, 1324)	(1050, 1324)	(1224, 1324)	(1137, 1338)	(1137, 1310)	(964, 1199)	(1066, 1200)	n	n	d	n	DNE	DNE	1.0	102.004901843	absolute	0.27449661236	28.0	6.0	1.2	000
85	60120303	art_egg	art_egg_for_clicking	3	art_egg	1	1.35776315401	1027.0	1144.0	1007.0	1259.0	32.6929399544	0.570582615926	1.72927316261	176.385862587	1.7059105249	174.002873539	0.00980392156863	(1093, 1076)	(1090, 1096)	(1175, 1073)	(1180, 1100)	(1135.2952139898757, 779.8672342383803)	(1135, 1089)	(1050, 1077)	(1224, 1076)	(1135, 1076)	(1135, 1103)	(964, 1194)	(1066, 1194)	n	n	d	n	3.030714771789633	309.1329067225426	1.0	102.0	absolute	0.264705882353	27.0	6.0	1.2	030
86	60121203	art_egg	art_egg_for_clicking	3	art_egg	1	1.27058879536	774.0	913.0	1019.0	1249.0	118.052419167	2.06034263785	1.89150817301	191.042325474	1.57425742574	159.0	0.00990099009901	(1095, 845)	(1085, 862)	(1176, 844)	(1188, 866)	(1137.5, 774.2777777777778)	(1137, 867)	(1058, 822)	(1217, 822)	(1137, 855)	(1137, 880)	(964, 1193)	(1065, 1193)	n	n	d	n	0.9180551517333102	92.72357032506433	1.0	101.0	absolute	0.247524752475	25.0	6.0	1.2	120
87	60180003	art_egg	art_egg_for_clicking	3	art_egg	1	2.0677416559	1258.0	1380.0	1234.0	1490.0	2.61928436497	0.0457137879586	1.71575321901	175.015238692	1.71560382725	175.0	0.00980345044142	(1332, 1316)	(1332, 1331)	(1421, 1339)	(1420, 1308)	(1378.5, -2504.5)	(1378, 1324)	(1291, 1323)	(1466, 1323)	(1378, 1311)	(1378, 1337)	(963, 1192)	(1065, 1191)	n	n	d	n	37.532510335066824	3828.5000326498625	1.0	102.004901843	absolute	0.254889711477	26.0	6.0	1.8	000
88	60180303	art_egg	art_egg_for_clicking	3	art_egg	1	1.99325786668	1009.0	1148.0	1244.0	1496.0	28.8250781307	0.503077683042	1.70726715913	175.848517391	1.68932038835	174.0	0.00970873786408	(1419, 1071)	(1422, 1103)	(1334, 1077)	(1332, 1093)	(1379.0, 738.4545454545455)	(1379, 1088)	(1466, 1077)	(1292, 1077)	(1379, 1075)	(1379, 1102)	(963, 1192)	(1066, 1192)	n	n	d	n	3.3936451897616937	349.5454545454545	1.0	103.0	absolute	0.26213592233	27.0	6.0	1.8	030
89	60181203	art_egg	art_egg_for_clicking	3	art_egg	1	2.02829722608	776.0	913.0	1261.0	1489.0	117.448601219	2.04980433739	1.88113590255	191.885083093	1.56867460897	160.012499512	0.00980345044142	(1336, 848)	(1329, 860)	(1418, 842)	(1431, 867)	(1379.6074701471812, 772.4023882254932)	(1378, 866)	(1299, 820)	(1459, 822)	(1379, 854)	(1378, 879)	(963, 1192)	(1065, 1193)	n	n	d	n	0.9177148609943598	93.61141431559177	1.0	102.004901843	absolute	0.245282251679	25.0199920064	6.0	1.8	120
90	05100004	art_egg	art_egg_for_clicking	4	art_egg	1	1.11214008614	484.0	691.0	90.0	210.0	5.95264850513	0.103890251549	0.762719198389	77.0346390373	0.762376237624	77.0	0.00990099009901	(167, 522)	(163, 661)	(129, 654)	(126, 529)	(148.5, 1330.5)	(148, 589)	(187, 590)	(110, 590)	(148, 665)	(148, 513)	(215, 474)	(316, 474)	n	n	d	n	7.341585827496924	741.5001685771892	1.0	101.0	absolute	1.50495049505	152.0	0.5	1.0	000
91	05100304	art_egg	art_egg_for_clicking	4	art_egg	1	1.01069657073	248.0	446.0	84.0	216.0	113.480489243	1.98054976087	0.997781767926	100.775958561	0.84251550097	85.094065598	0.00990099009901	(115, 337)	(159, 426)	(134, 424)	(184, 337)	(148.18817204301072, 402.87634408602145)	(149, 352)	(107, 373)	(192, 377)	(146, 428)	(153, 277)	(215, 476)	(316, 476)	n	n	d	n	0.5037903049141162	50.88282079632574	1.0	101.0	absolute	1.49665509483	151.162164578	0.5	1.0	030
92	05120004	art_egg	art_egg_for_clicking	4	art_egg	1	1.32143714509	474.0	704.0	328.0	465.0	5.95264850513	0.103890251549	0.755241559189	77.0346390373	0.754901960784	77.0	0.00980392156863	(368, 535)	(371, 647)	(405, 665)	(409, 517)	(390.5, 1330.5)	(390, 589)	(352, 590)	(429, 590)	(390, 665)	(390, 513)	(215, 474)	(317, 474)	n	n	d	n	7.269609495854796	741.5001685771892	1.0	102.0	absolute	1.49019607843	152.0	0.5	1.2	000
93	05120304	art_egg	art_egg_for_clicking	4	art_egg	1	1.18038056391	242.0	456.0	326.0	467.0	95.9133981989	1.67395522468	0.95186826153	97.090562676	0.844561041344	86.1452262171	0.00980392156863	(388, 429)	(360, 326)	(428, 347)	(379, 423)	(385.1872727272727, 414.3272727272727)	(394, 357)	(349, 369)	(434, 383)	(405, 289)	(383, 426)	(215, 476)	(317, 476)	n	n	d	n	0.568634242718954	58.00069275733331	1.0	102.0	absolute	1.36034490278	138.755180083	0.5	1.2	030
94	05180004	art_egg	art_egg_for_clicking	4	art_egg	1	1.78618720304	461.0	705.0	561.0	722.0	17.7381253218	0.309579559436	0.758180592274	77.3344204119	0.755156565163	77.0259696466	0.00980392156863	(610, 548)	(615, 639)	(642, 673)	(658, 511)	(625.091304347826, 835.734782608695)	(631, 586)	(593, 588)	(670, 590)	(629, 660)	(634, 512)	(215, 475)	(317, 475)	n	n	d	n	2.449065415216316	249.80467235206424	1.0	102.0	absolute	1.45180818994	148.084435374	0.5	1.8	000
95	05180304	art_egg	art_egg_for_clicking	4	art_egg	1	1.61887987782	223.0	479.0	557.0	724.0	37.9220246885	0.661844669772	0.994966112791	101.486543505	0.976905564981	99.6443676281	0.00980392156863	(603, 390)	(647, 279)	(674, 367)	(626, 423)	(559.8208685162846, 500.70627261761183)	(640, 370)	(593, 351)	(678, 403)	(665, 329)	(616, 411)	(214, 475)	(316, 475)	n	n	d	n	1.5033226952375145	153.33891491422648	1.0	102.0	absolute	0.93651829287	95.5248658727	0.5	1.8	030
96	10100004	art_egg	art_egg_for_clicking	4	art_egg	1	1.05897405545	483.0	693.0	798.0	999.0	1.401053928	0.0244522828601	1.42751720494	147.034272109	1.42748164134	147.030609058	0.00970873786408	(854, 527)	(852, 646)	(928, 651)	(931, 525)	(771.8181818181818, 6598.9090909090955)	(892, 587)	(821, 586)	(968, 589)	(891, 659)	(893, 516)	(963, 474)	(1066, 474)	n	n	d	n	58.37971092941603	6013.110225729852	1.0	103.0	absolute	1.38848529447	143.01398533	1.0	1.0	000
97	10100304	art_egg	art_egg_for_clicking	4	art_egg	1	1.05207980483	247.0	448.0	784.0	1002.0	21.1897335019	0.369819709978	1.48886210693	151.863934907	1.48039215686	151.0	0.00980392156863	(849, 299)	(860, 415)	(924, 417)	(936, 295)	(894.4999999999999, 760.642857142856)	(894, 350)	(819, 357)	(970, 357)	(894, 422)	(894, 279)	(964, 476)	(1066, 476)	n	n	d	n	4.02591334846577	410.64316154350854	1.0	102.0	absolute	1.40196078431	143.0	1.0	1.0	030
98	10120004	art_egg	art_egg_for_clicking	4	art_egg	1	1.27849178685	487.0	695.0	1039.0	1244.0	3.07350261912	0.053641158211	1.4560874796	147.072043617	1.45591291471	147.054411699	0.00990050483961	(1098, 532)	(1095, 640)	(1168, 657)	(1174, 519)	(1060.9482758620693, 3326.7758620689415)	(1135, 586)	(1062, 585)	(1209, 589)	(1133, 658)	(1137, 515)	(964, 474)	(1065, 473)	n	n	d	n	27.14496718864418	2741.7760637855804	1.0	101.004950374	absolute	1.41632595816	143.055933117	1.0	1.2	000
99	10120304	art_egg	art_egg_for_clicking	4	art_egg	1	1.18700626112	251.0	461.0	1032.0	1262.0	25.5187644954	0.445373325902	1.50144209952	151.653084751	1.48906357531	150.402792527	0.00990050483961	(1099, 409)	(1095, 302)	(1185, 297)	(1162, 422)	(1112.7112341772151, 689.7104430379736)	(1136, 350)	(1062, 353)	(1212, 364)	(1131, 421)	(1141, 279)	(964, 477)	(1065, 476)	n	n	d	n	3.3711989744377924	340.50778511306436	1.0	101.004950374	absolute	1.40935346899	142.351677194	1.0	1.2	030
100	10180004	art_egg	art_egg_for_clicking	4	art_egg	1	1.89800807118	464.0	702.0	1270.0	1491.0	10.8555476922	0.189459461527	1.448014398	146.249454198	1.44584968975	146.030818665	0.00990099009901	(1338, 545)	(1340, 630)	(1405, 668)	(1416, 507)	(1361.2128712871288, 1357.806930693072)	(1375, 586)	(1304, 588)	(1450, 591)	(1374, 657)	(1376, 516)	(964, 474)	(1065, 474)	n	n	d	n	7.642871917437762	771.9300636612139	1.0	101.0	absolute	1.39618003647	141.014183684	1.0	1.8	000
101	10180304	art_egg	art_egg_for_clicking	4	art_egg	1	1.27815024347	212.0	468.0	1258.0	1491.0	65.5949151431	1.14481347734	1.62550822951	165.80183941	1.53818499274	156.89486926	0.00980392156863	(1344, 308)	(1343, 400)	(1381, 424)	(1446, 326)	(1344.3061844284928, 482.39287686359285)	(1387, 344)	(1305, 343)	(1455, 389)	(1365, 416)	(1409, 272)	(964, 475)	(1066, 475)	n	n	d	n	1.4198891449788542	144.82869278784312	1.0	102.0	absolute	1.476198449	150.572241798	1.0	1.8	030
102	20100004	art_egg	art_egg_for_clicking	4	art_egg	1	1.01349795427	1256.0	1398.0	28.0	266.0	2.66451829119	0.0465032456209	1.68645942224	172.027127828	1.68630746568	172.011627514	0.00980345044142	(100, 1292)	(98, 1364)	(185, 1365)	(185, 1292)	(185.00000000000003, -2371.0000000000014)	(142, 1328)	(56, 1326)	(228, 1328)	(142, 1371)	(142, 1286)	(215, 1200)	(317, 1199)	n	n	d	n	36.26541330008588	3699.2499239710755	1.0	102.004901843	absolute	0.833293287521	85.0	2.0	1.0	000
103	20100304	art_egg	art_egg_for_clicking	4	art_egg	1	1.07092486423	1024.0	1169.0	27.0	260.0	18.5074403387	0.323006243468	1.72025590356	173.754362169	1.71278733725	173.0	0.00990050483961	(100, 1054)	(94, 1124)	(186, 1127)	(180, 1052)	(142.5, 553.0714285714287)	(142, 1091)	(56, 1084)	(229, 1084)	(142, 1133)	(142, 1050)	(215, 1193)	(316, 1194)	n	n	d	n	5.325766725402787	537.92880380138	1.0	101.004950374	absolute	0.821741901688	83.0	2.0	1.0	030
104	20101204	art_egg	art_egg_for_clicking	4	art_egg	1	1.06356375696	779.0	929.0	18.0	251.0	104.634136537	1.82615633294	1.86633118255	190.374929082	1.61759902999	165.003030275	0.00980345044142	(110, 820)	(82, 877)	(170, 820)	(199, 881)	(142.11377245508982, 755.7724550898204)	(140, 860)	(60, 820)	(225, 819)	(140, 822)	(140, 898)	(215, 1192)	(317, 1193)	n	n	d	n	1.0219996770705377	104.24897674315757	1.0	102.004901843	absolute	0.745062233548	76.0	2.0	1.0	120
105	20120004	art_egg	art_egg_for_clicking	4	art_egg	1	1.23086538086	1241.0	1410.0	265.0	506.0	0.0	0.0	1.69607843137		1.69607843137	173.0	0.00980392156863	(340, 1296)	(340, 1361)	(427, 1368)	(426, 1288)	DNE	(383, 1328)	(297, 1328)	(470, 1328)	(383, 1370)	(383, 1286)	(214, 1192)	(316, 1192)	n	n	d	n	DNE	DNE	1.0	102.0	absolute	0.823529411765	84.0	2.0	1.2	000
106	20120304	art_egg	art_egg_for_clicking	4	art_egg	1	1.23415794925	1005.0	1179.0	261.0	511.0	22.7667611919	0.397343223802	1.68757893775	172.13305165	1.67649925443	171.002923952	0.00980392156863	(342, 1058)	(335, 1121)	(430, 1128)	(424, 1050)	(386.9835164835165, 658.8186813186812)	(382, 1092)	(299, 1083)	(470, 1084)	(382, 1134)	(383, 1050)	(215, 1194)	(317, 1194)	n	n	d	n	4.24715670649053	433.209984062034	1.0	102.0	absolute	0.823587766373	84.0059521701	2.0	1.2	030
107	20121204	art_egg	art_egg_for_clicking	4	art_egg	1	1.17226756685	769.0	935.0	251.0	498.0	102.420532069	1.78752278608	1.87785639185	191.550556926	1.63764578275	167.047897323	0.00980345044142	(352, 821)	(325, 875)	(415, 817)	(443, 882)	(387.1075381393958, 752.8852826802273)	(384, 860)	(302, 818)	(469, 822)	(385, 822)	(383, 899)	(215, 1192)	(317, 1193)	n	n	d	n	1.050535638749494	107.15978471321512	1.0	102.004901843	absolute	0.755120276133	77.0259696466	2.0	1.2	120
108	20180004	art_egg	art_egg_for_clicking	4	art_egg	1	1.80769230769	1238.0	1414.0	499.0	739.0	0.0	0.0	1.72		1.72	172.0	0.01	(582, 1302)	(582, 1354)	(668, 1375)	(668, 1281)	DNE	(625, 1328)	(539, 1328)	(711, 1328)	(624, 1370)	(626, 1287)	(216, 1191)	(316, 1191)	n	n	d	n	DNE	DNE	1.0	100.0	absolute	0.830240928888	83.0240928888	2.0	1.8	000
109	20180304	art_egg	art_egg_for_clicking	4	art_egg	1	1.96460891681	1008.0	1172.0	497.0	737.0	20.0684430483	0.350250076868	1.70617396215	174.02974414	1.69746628019	173.14156058	0.00980392156863	(582, 1067)	(576, 1114)	(669, 1137)	(665, 1044)	(645.280988593156, 596.6269961977175)	(623, 1093)	(539, 1082)	(712, 1089)	(621, 1134)	(625, 1053)	(215, 1193)	(317, 1193)	n	n	d	n	4.8713021775967045	496.8728221148638	1.0	102.0	absolute	0.795085345998	81.0987052918	2.0	1.8	030
110	20181204	art_egg	art_egg_for_clicking	4	art_egg	1	1.87096490721	754.0	933.0	506.0	739.0	94.1588749392	1.64333392012	1.87466904275	191.225431694	1.67073346538	170.423003142	0.00980345044142	(589, 830)	(568, 869)	(659, 810)	(687, 888)	(636.5798292760037, 742.9524185899464)	(628, 859)	(546, 816)	(716, 828)	(631, 820)	(626, 899)	(215, 1192)	(317, 1191)	n	n	d	n	1.140771829630306	116.36431850669852	1.0	102.004901843	absolute	0.776022213427	79.1580697087	2.0	1.8	120
111	60100004	art_egg	art_egg_for_clicking	4	art_egg	1	1.04339793237	1269.0	1372.0	775.0	1014.0	1.34811355528	0.0235283262995	1.71575386066	175.006893787	1.71571428549	175.00285712	0.00980392156863	(849, 1313)	(848, 1336)	(938, 1336)	(937, 1312)	(938.0, 8761.0)	(893, 1323)	(808, 1324)	(983, 1323)	(894, 1309)	(893, 1337)	(964, 1200)	(1066, 1200)	n	n	d	n	72.9229031770283	7438.136124056887	1.0	102.0	absolute	0.274684818159	28.0178514522	6.0	1.0	000
112	60100304	art_egg	art_egg_for_clicking	4	art_egg	1	1.05141650806	1022.0	1140.0	782.0	1015.0	32.694650051	0.570612461863	1.74631157804	176.386114277	1.72271629158	174.002873539	0.00990050483961	(852, 1073)	(849, 1095)	(936, 1074)	(940, 1097)	(894.2953081876725, 778.8836246550137)	(895, 1088)	(809, 1076)	(983, 1075)	(895, 1074)	(895, 1102)	(964, 1193)	(1065, 1192)	n	n	d	n	3.060416122598266	309.11717858600616	1.0	101.004950374	absolute	0.277214135509	28.0	6.0	1.0	030
113	60101204	art_egg	art_egg_for_clicking	4	art_egg	1	1.05492714778	782.0	919.0	784.0	1011.0	117.007455237	2.0421051146	1.88519965131	190.405164782	1.57428856062	159.003144623	0.00990099009901	(856, 844)	(844, 863)	(934, 845)	(945, 866)	(895.1936236391912, 772.7861586314154)	(893, 866)	(816, 822)	(975, 821)	(893, 854)	(893, 879)	(964, 1193)	(1065, 1193)	n	n	d	n	0.9231648448608666	93.23964933094753	1.0	101.0	absolute	0.247524752475	25.0	6.0	1.0	120
114	60120004	art_egg	art_egg_for_clicking	4	art_egg	1	1.28571428571	1261.0	1382.0	1016.0	1249.0	0.0	0.0	1.73258834693		1.73258834693	175.0	0.00990050483961	(1092, 1334)	(1092, 1313)	(1180, 1310)	(1180, 1337)	DNE	(1136, 1323)	(1049, 1323)	(1224, 1323)	(1136, 1309)	(1136, 1337)	(964, 1192)	(1065, 1193)	n	n	d	n	DNE	DNE	1.0	101.004950374	absolute	0.277214135509	28.0	6.0	1.2	000
115	60120304	art_egg	art_egg_for_clicking	4	art_egg	1	1.44513481521	1014.0	1165.0	1006.0	1260.0	30.1063482505	0.525439405716	1.72569383123	176.020770786	1.7059105249	174.002873539	0.00980392156863	(1091, 1076)	(1089, 1094)	(1178, 1072)	(1181, 1098)	(1135.1408204102052, 753.0027513756875)	(1135, 1088)	(1050, 1077)	(1224, 1076)	(1136, 1075)	(1135, 1101)	(964, 1194)	(1066, 1194)	n	n	d	n	3.28428704139361	334.9972782221482	1.0	102.0	absolute	0.255090428064	26.0192236625	6.0	1.2	030
116	60121204	art_egg	art_egg_for_clicking	4	art_egg	1	1.3486730215	773.0	929.0	1013.0	1250.0	116.372586726	2.03102489555	1.85636953593	191.215073491	1.55335519017	160.003124969	0.00970828032559	(1095, 845)	(1086, 862)	(1174, 844)	(1186, 867)	(1136.68980050576, 771.8680809216071)	(1135, 866)	(1057, 822)	(1217, 821)	(1135, 854)	(1135, 879)	(963, 1192)	(1066, 1193)	n	n	d	n	0.9140062930758827	94.14708500601799	1.0	103.004854255	absolute	0.24270700814	25.0	6.0	1.2	120
117	60180004	art_egg	art_egg_for_clicking	4	art_egg	1	2.0	1266.0	1378.0	1257.0	1494.0	3.92284737381	0.0684645834712	1.70616175544	174.036862392	1.70582854741	174.002873539	0.00980345044142	(1332, 1316)	(1332, 1332)	(1421, 1340)	(1421, 1308)	(1364.3996138996138, -1217.9671814671701)	(1377, 1324)	(1292, 1323)	(1466, 1322)	(1377, 1338)	(1377, 1310)	(964, 1192)	(1066, 1193)	n	n	d	n	24.920355444141975	2541.998410972365	1.0	102.004901843	absolute	0.27449661236	28.0	6.0	1.8	000
118	60180304	art_egg	art_egg_for_clicking	4	art_egg	1	2.00980131109	1016.0	1151.0	1249.0	1496.0	30.2799529002	0.528469289089	1.73299589937	175.032585837	1.71289990247	173.002890149	0.00990099009901	(1332, 1078)	(1330, 1093)	(1418, 1071)	(1423, 1101)	(1376.6519879214898, 757.7939104177146)	(1376, 1089)	(1292, 1078)	(1465, 1077)	(1376, 1077)	(1377, 1102)	(964, 1194)	(1065, 1194)	n	n	d	n	3.279274567419526	331.2067313093721	1.0	101.0	absolute	0.247722693133	25.0199920064	6.0	1.8	030
119	60181204	art_egg	art_egg_for_clicking	4	art_egg	1	1.9405807529	775.0	920.0	1260.0	1494.0	117.434477614	2.04955784124	1.8995245886	191.861386805	1.58408077434	160.0	0.00990050483961	(1334, 847)	(1328, 860)	(1416, 843)	(1430, 867)	(1379.0, 773.3888888888889)	(1379, 867)	(1299, 822)	(1459, 822)	(1380, 855)	(1379, 879)	(964, 1192)	(1065, 1193)	n	n	d	n	0.9267972585971043	93.61111111111109	1.0	101.004950374	absolute	0.237818287223	24.0208242989	6.0	1.8	120
120	05100005	art_egg	art_egg_for_clicking	5	art_egg	1	1.02218011702	480.0	694.0	81.0	224.0	6.0257527232	0.105166123222	0.772849297574	78.0616049478	0.772493194876	78.0256368125	0.00990050483961	(126, 528)	(132, 657)	(168, 655)	(169, 523)	(168.00000000000003, 1330.0000000000005)	(148, 588)	(110, 590)	(188, 588)	(150, 664)	(146, 513)	(215, 474)	(316, 473)	n	n	d	n	7.348842706153159	742.2694928393599	1.0	101.004950374	absolute	1.49550066885	151.052970841	0.5	1.0	000
121	05100305	art_egg	art_egg_for_clicking	5	art_egg	1	1.04461500795	238.0	454.0	70.0	227.0	106.124411741	1.85216577491	0.967965975747	99.7051942552	0.835419944967	86.0523096727	0.00970828032559	(115, 336)	(159, 427)	(134, 427)	(184, 334)	(147.8721560130011, 405.8315276273023)	(148, 352)	(106, 372)	(192, 375)	(146, 428)	(150, 277)	(214, 475)	(317, 476)	n	n	d	n	0.5226130343507797	53.83167943482744	1.0	103.004854255	absolute	1.46646458494	151.052970841	0.5	1.0	030
122	05120005	art_egg	art_egg_for_clicking	5	art_egg	1	1.25199375043	482.0	700.0	331.0	452.0	18.0564863639	0.315135843957	0.755597988893	76.3153968782	0.752475247525	76.0	0.00990099009901	(375, 653)	(366, 538)	(414, 522)	(403, 666)	(391.0, 831.1666666666667)	(391, 589)	(353, 592)	(429, 592)	(391, 514)	(391, 665)	(215, 474)	(316, 474)	n	n	d	n	2.3976897689768983	242.16666666666674	1.0	101.0	absolute	1.49504950495	151.0	0.5	1.2	000
123	05120305	art_egg	art_egg_for_clicking	5	art_egg	1	1.19556151634	248.0	452.0	326.0	452.0	96.0284071313	1.67596245002	0.982317035019	98.2317035019	0.871320836432	87.1320836432	0.01	(362, 324)	(389, 428)	(379, 424)	(430, 350)	(385.70000000000005, 414.70000000000016)	(396, 357)	(349, 369)	(435, 383)	(385, 426)	(407, 289)	(215, 476)	(315, 476)	n	n	d	n	0.586121147886682	58.6121147886682	1.0	100.0	absolute	1.38755180083	138.755180083	0.5	1.2	030
124	05180005	art_egg	art_egg_for_clicking	5	art_egg	1	1.83534528296	466.0	703.0	555.0	708.0	14.7668582878	0.257722696173	0.757059073212	77.2200254676	0.754965619929	77.0064932327	0.00980392156863	(615, 638)	(610, 548)	(655, 507)	(643, 672)	(628.6413612565444, 886.6151832460719)	(631, 587)	(594, 589)	(671, 590)	(630, 660)	(632, 514)	(215, 474)	(317, 474)	n	n	d	n	2.937494774236018	299.62446697207383	1.0	102.0	absolute	1.43150684302	146.013697988	0.5	1.8	000
125	05180305	art_egg	art_egg_for_clicking	5	art_egg	1	1.27347115659	217.0	479.0	547.0	723.0	56.0578194596	0.978364665734	0.946102083537	96.5070501647	0.908817398024	92.7038294786	0.00980345044142	(622, 299)	(607, 399)	(625, 422)	(672, 358)	(600.747663551402, 454.3364485981303)	(638, 363)	(593, 356)	(678, 393)	(660, 314)	(617, 413)	(215, 474)	(317, 473)	n	n	d	n	0.9670239703795629	98.64118517839515	1.0	102.004901843	absolute	1.05813704807	107.935165725	0.5	1.8	030
126	10100005	art_egg	art_egg_for_clicking	5	art_egg	1	1.05820027395	482.0	688.0	797.0	997.0	1.18923020626	0.0207553705166	1.42796813429	147.087649553	1.42794250327	147.085009433	0.00970828032559	(854, 646)	(857, 524)	(930, 526)	(924, 655)	(653.607142857143, 7668.7499999999945)	(891, 586)	(821, 584)	(968, 589)	(890, 658)	(893, 514)	(963, 473)	(1066, 474)	n	n	d	n	68.79993460746019	7086.727236963645	1.0	103.004854255	absolute	1.39829571773	144.03124661	1.0	1.0	000
127	10100305	art_egg	art_egg_for_clicking	5	art_egg	1	1.03786386609	246.0	459.0	791.0	1006.0	30.3323402699	0.529383594211	1.48901992562	151.887331355	1.47169351008	150.119952038	0.00980345044142	(860, 415)	(850, 299)	(941, 299)	(920, 418)	(883.932, 637.7000000000002)	(895, 351)	(820, 358)	(970, 364)	(898, 280)	(893, 422)	(964, 476)	(1066, 475)	n	n	d	n	2.8127428615139363	286.9135594983271	1.0	102.004901843	absolute	1.39295267515	142.088000901	1.0	1.0	030
128	10120005	art_egg	art_egg_for_clicking	5	art_egg	1	1.263721777	487.0	690.0	1041.0	1245.0	3.09697199732	0.0540507640533	1.45115703294	148.01801736	1.45098039216	148.0	0.00980392156863	(1098, 643)	(1096, 533)	(1170, 657)	(1173, 518)	(1136.0, 3325.5)	(1136, 587)	(1062, 588)	(1210, 588)	(1136, 659)	(1136, 515)	(964, 473)	(1066, 473)	n	n	d	n	26.848039215686274	2738.5	1.0	102.0	absolute	1.41176470588	144.0	1.0	1.2	000
129	10120305	art_egg	art_egg_for_clicking	5	art_egg	1	1.19875883339	249.0	449.0	1029.0	1256.0	25.4393564553	0.443987435024	1.48540330089	151.511136691	1.47323291604	150.269757436	0.00980392156863	(1101, 410)	(1095, 301)	(1161, 423)	(1183, 294)	(1117.063245823389, 689.7792362768497)	(1135, 349)	(1062, 353)	(1212, 362)	(1131, 421)	(1140, 278)	(964, 476)	(1066, 476)	n	n	d	n	3.3455976086606483	341.25095608338614	1.0	102.0	absolute	1.40473467526	143.282936877	1.0	1.2	030
130	10180005	art_egg	art_egg_for_clicking	5	art_egg	1	1.88378572259	451.0	703.0	1259.0	1494.0	6.27760436158	0.109561633899	1.44619692259	146.073048396	1.44547370658	146.0	0.00990050483961	(1341, 543)	(1339, 629)	(1415, 668)	(1411, 506)	(1377.0, -746.25)	(1377, 587)	(1304, 585)	(1450, 585)	(1377, 659)	(1378, 515)	(964, 475)	(1065, 474)	n	n	d	n	13.199848077414014	1333.25	1.0	101.004950374	absolute	1.42570707324	144.00347218	1.0	1.8	000
131	10180305	art_egg	art_egg_for_clicking	5	art_egg	1	1.34643104187	215.0	468.0	1269.0	1494.0	56.0321874683	0.977917316287	1.56424147345	161.124464992	1.5026523832	154.780489727	0.00970828032559	(1344, 402)	(1343, 310)	(1387, 427)	(1442, 316)	(1347.5481927710841, 503.9036144578232)	(1383, 343)	(1304, 345)	(1455, 379)	(1367, 417)	(1399, 270)	(963, 475)	(1066, 476)	n	n	d	n	1.59956414248903	164.76287136787835	1.0	103.004854255	absolute	1.46053971148	150.442680114	1.0	1.8	030
132	20100005	art_egg	art_egg_for_clicking	5	art_egg	1																																				2.0	1.0	000
133	20100305	art_egg	art_egg_for_clicking	5	art_egg	1																																				2.0	1.0	030
134	20101205	art_egg	art_egg_for_clicking	5	art_egg	1																																				2.0	1.0	120
135	20120005	art_egg	art_egg_for_clicking	5	art_egg	1																																				2.0	1.2	000
136	20120305	art_egg	art_egg_for_clicking	5	art_egg	1																																				2.0	1.2	030
137	20121205	art_egg	art_egg_for_clicking	5	art_egg	1																																				2.0	1.2	120
138	20180005	art_egg	art_egg_for_clicking	5	art_egg	1																																				2.0	1.8	000
139	20180305	art_egg	art_egg_for_clicking	5	art_egg	1																																				2.0	1.8	030
140	20181205	art_egg	art_egg_for_clicking	5	art_egg	1																																				2.0	1.8	120
141	60100005	art_egg	art_egg_for_clicking	5	art_egg	1																																				6.0	1.0	000
142	60100305	art_egg	art_egg_for_clicking	5	art_egg	1																																				6.0	1.0	030
143	60101205	art_egg	art_egg_for_clicking	5	art_egg	1																																				6.0	1.0	120
144	60120005	art_egg	art_egg_for_clicking	5	art_egg	1																																				6.0	1.2	000
145	60120305	art_egg	art_egg_for_clicking	5	art_egg	1																																				6.0	1.2	030
146	60121205	art_egg	art_egg_for_clicking	5	art_egg	1																																				6.0	1.2	120
147	60180005	art_egg	art_egg_for_clicking	5	art_egg	1																																				6.0	1.8	000
148	60180305	art_egg	art_egg_for_clicking	5	art_egg	1																																				6.0	1.8	030
149	60181205	art_egg	art_egg_for_clicking	5	art_egg	1																																				6.0	1.8	120
